date,total_rooms,booked_rooms,occupancy_rate,month,is_weekend,season,is_holiday,revenue
1/1/2023,15,12,0.8,1,1,very_high,0,545904
1/2/2023,15,11,0.73,1,0,very_high,0,370480
1/3/2023,15,11,0.73,1,0,very_high,0,468325
1/4/2023,15,12,0.8,1,0,very_high,0,453480
1/5/2023,15,13,0.87,1,0,very_high,1,527280
1/6/2023,15,12,0.8,1,0,very_high,0,488244
1/7/2023,15,13,0.87,1,1,very_high,0,580983
1/8/2023,15,15,1,1,1,very_high,0,609375
1/9/2023,15,13,0.87,1,0,very_high,0,466297
1/10/2023,15,13,0.87,1,0,very_high,0,567268
1/11/2023,15,11,0.73,1,0,very_high,0,499477
1/12/2023,15,11,0.73,1,0,very_high,0,469150
1/13/2023,15,12,0.8,1,0,very_high,0,490476
1/14/2023,15,15,1,1,1,very_high,0,543810
1/15/2023,15,13,0.87,1,1,very_high,0,476658
1/16/2023,15,12,0.8,1,0,very_high,0,558516
1/17/2023,15,12,0.8,1,0,very_high,0,459984
1/18/2023,15,12,0.8,1,0,very_high,0,502788
1/19/2023,15,12,0.8,1,0,very_high,0,533628
1/20/2023,15,11,0.73,1,0,very_high,0,344685
1/21/2023,15,12,0.8,1,1,very_high,0,536604
1/22/2023,15,14,0.93,1,1,very_high,0,462224
1/23/2023,15,10,0.67,1,0,very_high,0,362740
1/24/2023,15,9,0.6,1,0,very_high,0,405333
1/25/2023,15,12,0.8,1,0,very_high,0,592200
1/26/2023,15,11,0.73,1,0,very_high,0,381876
1/27/2023,15,10,0.67,1,0,very_high,0,372160
1/28/2023,15,12,0.8,1,1,very_high,0,553332
1/29/2023,15,12,0.8,1,1,very_high,0,461196
1/30/2023,15,11,0.73,1,0,very_high,0,401181
1/31/2023,15,11,0.73,1,0,very_high,0,436425
2/1/2023,15,11,0.73,2,0,very_high,0,382976
2/2/2023,15,12,0.8,2,0,very_high,0,407676
2/3/2023,15,11,0.73,2,0,very_high,0,468204
2/4/2023,15,13,0.87,2,1,very_high,0,627315
2/5/2023,15,11,0.73,2,1,very_high,0,527340
2/6/2023,15,12,0.8,2,0,very_high,0,384648
2/7/2023,15,12,0.8,2,0,very_high,0,387672
2/8/2023,15,14,0.93,2,0,very_high,0,433636
2/9/2023,15,11,0.73,2,0,very_high,0,530706
2/10/2023,15,10,0.67,2,0,very_high,0,315510
2/11/2023,15,11,0.73,2,1,very_high,0,418957
2/12/2023,15,13,0.87,2,1,very_high,0,422474
2/13/2023,15,12,0.8,2,0,very_high,0,379740
2/14/2023,15,11,0.73,2,0,very_high,0,362351
2/15/2023,15,12,0.8,2,0,very_high,0,585900
2/16/2023,15,12,0.8,2,0,very_high,0,381132
2/17/2023,15,13,0.87,2,0,very_high,0,578162
2/18/2023,15,12,0.8,2,1,very_high,0,499416
2/19/2023,15,12,0.8,2,1,very_high,0,539100
2/20/2023,15,10,0.67,2,0,very_high,0,491690
2/21/2023,15,11,0.73,2,0,very_high,0,428549
2/22/2023,15,10,0.67,2,0,very_high,0,487620
2/23/2023,15,12,0.8,2,0,very_high,0,529776
2/24/2023,15,12,0.8,2,0,very_high,0,504228
2/25/2023,15,14,0.93,2,1,very_high,0,659890
2/26/2023,15,13,0.87,2,1,very_high,1,549900
2/27/2023,15,10,0.67,2,0,very_high,0,373690
2/28/2023,15,10,0.67,2,0,very_high,0,419690
3/1/2023,15,11,0.73,3,0,very_high,0,537658
3/2/2023,15,11,0.73,3,0,very_high,0,547008
3/3/2023,15,12,0.8,3,0,very_high,0,561288
3/4/2023,15,12,0.8,3,1,very_high,0,407760
3/5/2023,15,13,0.87,3,1,very_high,0,421239
3/6/2023,15,10,0.67,3,0,very_high,0,379260
3/7/2023,15,11,0.73,3,0,very_high,0,409233
3/8/2023,15,11,0.73,3,0,very_high,0,445214
3/9/2023,15,11,0.73,3,0,very_high,0,437778
3/10/2023,15,10,0.67,3,0,very_high,0,306010
3/11/2023,15,12,0.8,3,1,very_high,0,464460
3/12/2023,15,14,0.93,3,1,very_high,0,517370
3/13/2023,15,11,0.73,3,0,very_high,0,442948
3/14/2023,15,12,0.8,3,0,very_high,0,570372
3/15/2023,15,13,0.87,3,0,very_high,1,599352
3/16/2023,15,10,0.67,3,0,very_high,0,439370
3/17/2023,15,11,0.73,3,0,very_high,0,348777
3/18/2023,15,10,0.67,3,1,very_high,0,326160
3/19/2023,15,14,0.93,3,1,very_high,0,460698
3/20/2023,15,12,0.8,3,0,very_high,1,406764
3/21/2023,15,10,0.67,3,0,very_high,0,344220
3/22/2023,15,13,0.87,3,0,very_high,0,512733
3/23/2023,15,12,0.8,3,0,very_high,0,387072
3/24/2023,15,12,0.8,3,0,very_high,0,399324
3/25/2023,15,13,0.87,3,1,very_high,0,468000
3/26/2023,15,12,0.8,3,1,very_high,0,368940
3/27/2023,15,12,0.8,3,0,very_high,0,474744
3/28/2023,15,11,0.73,3,0,very_high,0,546733
3/29/2023,15,12,0.8,3,0,very_high,0,485340
3/30/2023,15,12,0.8,3,0,very_high,0,435624
3/31/2023,15,11,0.73,3,0,very_high,0,342837
4/1/2023,15,13,0.87,4,1,very_high,0,509613
4/2/2023,15,13,0.87,4,1,very_high,1,416052
4/3/2023,15,11,0.73,4,0,very_high,0,367433
4/4/2023,15,14,0.93,4,0,very_high,1,478688
4/5/2023,15,12,0.8,4,0,very_high,1,379224
4/6/2023,15,12,0.8,4,0,very_high,0,490032
4/7/2023,15,9,0.6,4,0,very_high,0,420561
4/8/2023,15,13,0.87,4,1,very_high,0,452621
4/9/2023,15,14,0.93,4,1,very_high,0,462588
4/10/2023,15,12,0.8,4,0,very_high,0,380376
4/11/2023,15,13,0.87,4,0,very_high,0,531362
4/12/2023,15,13,0.87,4,0,very_high,0,634218
4/13/2023,15,11,0.73,4,0,very_high,0,464761
4/14/2023,15,10,0.67,4,0,very_high,0,367180
4/15/2023,15,13,0.87,4,1,very_high,0,524420
4/16/2023,15,15,1,4,1,very_high,0,502710
4/17/2023,15,12,0.8,4,0,very_high,0,433248
4/18/2023,15,11,0.73,4,0,very_high,0,393349
4/19/2023,15,11,0.73,4,0,very_high,0,422312
4/20/2023,15,10,0.67,4,0,very_high,0,408110
4/21/2023,15,11,0.73,4,0,very_high,0,458227
4/22/2023,15,13,0.87,4,1,very_high,0,553774
4/23/2023,15,14,0.93,4,1,very_high,0,508606
4/24/2023,15,13,0.87,4,0,very_high,0,506012
4/25/2023,15,9,0.6,4,0,very_high,0,425457
4/26/2023,15,11,0.73,4,0,very_high,0,373824
4/27/2023,15,11,0.73,4,0,very_high,0,446842
4/28/2023,15,12,0.8,4,0,very_high,0,397656
4/29/2023,15,12,0.8,4,1,very_high,0,388488
4/30/2023,15,14,0.93,4,1,very_high,0,464744
5/1/2023,15,7,0.47,5,0,low,0,138152
5/2/2023,15,5,0.33,5,0,low,0,99095
5/3/2023,15,4,0.27,5,0,low,0,72880
5/4/2023,15,5,0.33,5,0,low,0,90365
5/5/2023,15,3,0.2,5,0,low,0,49212
5/6/2023,15,4,0.27,5,1,low,0,68096
5/7/2023,15,6,0.4,5,1,low,0,119952
5/8/2023,15,2,0.13,5,0,low,0,39286
5/9/2023,15,5,0.33,5,0,low,0,85880
5/10/2023,15,4,0.27,5,0,low,0,66800
5/11/2023,15,5,0.33,5,0,low,0,86340
5/12/2023,15,5,0.33,5,0,low,0,81450
5/13/2023,15,7,0.47,5,1,low,0,107121
5/14/2023,15,6,0.4,5,1,low,0,97158
5/15/2023,15,7,0.47,5,0,low,0,136822
5/16/2023,15,6,0.4,5,0,low,0,108078
5/17/2023,15,6,0.4,5,0,low,0,113418
5/18/2023,15,7,0.47,5,0,low,1,121366
5/19/2023,15,6,0.4,5,0,low,0,112944
5/20/2023,15,7,0.47,5,1,low,0,111167
5/21/2023,15,4,0.27,5,1,low,0,77660
5/22/2023,15,5,0.33,5,0,low,0,79345
5/23/2023,15,5,0.33,5,0,low,0,99405
5/24/2023,15,7,0.47,5,0,low,0,120799
5/25/2023,15,4,0.27,5,0,low,0,69912
5/26/2023,15,4,0.27,5,0,low,0,71768
5/27/2023,15,6,0.4,5,1,low,0,110100
5/28/2023,15,5,0.33,5,1,low,0,76505
5/29/2023,15,4,0.27,5,0,low,0,73744
5/30/2023,15,4,0.27,5,0,low,1,78528
5/31/2023,15,6,0.4,5,0,low,0,94896
6/1/2023,15,7,0.47,6,0,low,0,137676
6/2/2023,15,4,0.27,6,0,low,0,78604
6/3/2023,15,6,0.4,6,1,low,0,94068
6/4/2023,15,6,0.4,6,1,low,0,92418
6/5/2023,15,4,0.27,6,0,low,0,60812
6/6/2023,15,5,0.33,6,0,low,0,92725
6/7/2023,15,6,0.4,6,0,low,0,101562
6/8/2023,15,4,0.27,6,0,low,0,64692
6/9/2023,15,5,0.33,6,0,low,0,94155
6/10/2023,15,5,0.33,6,1,low,0,99405
6/11/2023,15,6,0.4,6,1,low,0,90600
6/12/2023,15,6,0.4,6,0,low,0,92712
6/13/2023,15,6,0.4,6,0,low,0,95322
6/14/2023,15,4,0.27,6,0,low,0,73480
6/15/2023,15,6,0.4,6,0,low,0,108360
6/16/2023,15,5,0.33,6,0,low,0,99540
6/17/2023,15,5,0.33,6,1,low,0,80080
6/18/2023,15,5,0.33,6,1,low,0,84100
6/19/2023,15,5,0.33,6,0,low,0,97010
6/20/2023,15,6,0.4,6,0,low,0,92406
6/21/2023,15,5,0.33,6,0,low,0,98925
6/22/2023,15,5,0.33,6,0,low,0,79350
6/23/2023,15,4,0.27,6,0,low,0,77428
6/24/2023,15,6,0.4,6,1,low,0,116850
6/25/2023,15,8,0.53,6,1,low,0,141504
6/26/2023,15,5,0.33,6,0,low,0,95855
6/27/2023,15,2,0.13,6,0,low,0,30464
6/28/2023,15,4,0.27,6,0,low,0,64812
6/29/2023,15,4,0.27,6,0,low,0,60548
6/30/2023,15,6,0.4,6,0,low,1,99354
7/1/2023,15,5,0.33,7,1,low,0,82810
7/2/2023,15,6,0.4,7,1,low,0,101274
7/3/2023,15,6,0.4,7,0,low,0,116928
7/4/2023,15,5,0.33,7,0,low,0,99835
7/5/2023,15,5,0.33,7,0,low,0,84630
7/6/2023,15,5,0.33,7,0,low,0,82690
7/7/2023,15,4,0.27,7,0,low,0,75784
7/8/2023,15,6,0.4,7,1,low,0,105618
7/9/2023,15,6,0.4,7,1,low,0,114684
7/10/2023,15,5,0.33,7,0,low,0,88415
7/11/2023,15,5,0.33,7,0,low,0,85700
7/12/2023,15,4,0.27,7,0,low,0,73720
7/13/2023,15,5,0.33,7,0,low,0,83120
7/14/2023,15,5,0.33,7,0,low,0,77380
7/15/2023,15,7,0.47,7,1,low,0,137655
7/16/2023,15,7,0.47,7,1,low,0,126476
7/17/2023,15,6,0.4,7,0,low,0,96648
7/18/2023,15,5,0.33,7,0,low,0,79520
7/19/2023,15,4,0.27,7,0,low,0,75324
7/20/2023,15,5,0.33,7,0,low,0,93405
7/21/2023,15,5,0.33,7,0,low,0,93135
7/22/2023,15,7,0.47,7,1,low,0,117845
7/23/2023,15,7,0.47,7,1,low,0,123151
7/24/2023,15,4,0.27,7,0,low,0,65380
7/25/2023,15,6,0.4,7,0,low,0,114660
7/26/2023,15,7,0.47,7,0,low,0,124887
7/27/2023,15,3,0.2,7,0,low,0,50769
7/28/2023,15,4,0.27,7,0,low,0,72548
7/29/2023,15,6,0.4,7,1,low,0,106008
7/30/2023,15,5,0.33,7,1,low,0,94890
7/31/2023,15,7,0.47,7,0,low,0,120792
8/1/2023,15,7,0.47,8,0,mid,0,162330
8/2/2023,15,10,0.67,8,0,mid,0,297560
8/3/2023,15,6,0.4,8,0,mid,0,152784
8/4/2023,15,9,0.6,8,0,mid,0,250650
8/5/2023,15,10,0.67,8,1,mid,0,249910
8/6/2023,15,10,0.67,8,1,mid,0,268900
8/7/2023,15,10,0.67,8,0,mid,1,292720
8/8/2023,15,8,0.53,8,0,mid,0,183632
8/9/2023,15,8,0.53,8,0,mid,0,172408
8/10/2023,15,9,0.6,8,0,mid,0,196020
8/11/2023,15,9,0.6,8,0,mid,0,268344
8/12/2023,15,12,0.8,8,1,mid,1,308928
8/13/2023,15,10,0.67,8,1,mid,0,296650
8/14/2023,15,9,0.6,8,0,mid,0,229806
8/15/2023,15,6,0.4,8,0,mid,0,138708
8/16/2023,15,11,0.73,8,0,mid,1,228217
8/17/2023,15,8,0.53,8,0,mid,0,192472
8/18/2023,15,10,0.67,8,0,mid,0,211660
8/19/2023,15,10,0.67,8,1,mid,0,233750
8/20/2023,15,10,0.67,8,1,mid,0,203120
8/21/2023,15,9,0.6,8,0,mid,0,215712
8/22/2023,15,7,0.47,8,0,mid,0,202678
8/23/2023,15,8,0.53,8,0,mid,0,200264
8/24/2023,15,10,0.67,8,0,mid,0,218190
8/25/2023,15,8,0.53,8,0,mid,0,187632
8/26/2023,15,10,0.67,8,1,mid,0,284910
8/27/2023,15,8,0.53,8,1,mid,0,228712
8/28/2023,15,8,0.53,8,0,mid,0,230816
8/29/2023,15,7,0.47,8,0,mid,0,165011
8/30/2023,15,8,0.53,8,0,mid,0,169560
8/31/2023,15,8,0.53,8,0,mid,0,222576
9/1/2023,15,7,0.47,9,0,mid,0,180894
9/2/2023,15,10,0.67,9,1,mid,0,265560
9/3/2023,15,9,0.6,9,1,mid,0,236718
9/4/2023,15,10,0.67,9,0,mid,0,220800
9/5/2023,15,8,0.53,9,0,mid,0,203008
9/6/2023,15,8,0.53,9,0,mid,0,220360
9/7/2023,15,8,0.53,9,0,mid,0,197032
9/8/2023,15,9,0.6,9,0,mid,0,210150
9/9/2023,15,9,0.6,9,1,mid,0,201312
9/10/2023,15,8,0.53,9,1,mid,0,187856
9/11/2023,15,9,0.6,9,0,mid,0,226710
9/12/2023,15,7,0.47,9,0,mid,0,150045
9/13/2023,15,11,0.73,9,0,mid,0,267531
9/14/2023,15,9,0.6,9,0,mid,0,186759
9/15/2023,15,7,0.47,9,0,mid,0,183918
9/16/2023,15,11,0.73,9,1,mid,0,320111
9/17/2023,15,9,0.6,9,1,mid,0,195444
9/18/2023,15,9,0.6,9,0,mid,0,222120
9/19/2023,15,8,0.53,9,0,mid,0,187040
9/20/2023,15,9,0.6,9,0,mid,0,197163
9/21/2023,15,9,0.6,9,0,mid,0,239454
9/22/2023,15,10,0.67,9,0,mid,0,223440
9/23/2023,15,9,0.6,9,1,mid,0,240345
9/24/2023,15,10,0.67,9,1,mid,0,259060
9/25/2023,15,9,0.6,9,0,mid,0,226305
9/26/2023,15,12,0.8,9,0,mid,0,336024
9/27/2023,15,9,0.6,9,0,mid,1,212400
9/28/2023,15,8,0.53,9,0,mid,0,220064
9/29/2023,15,7,0.47,9,0,mid,0,179928
9/30/2023,15,10,0.67,9,1,mid,0,221030
10/1/2023,15,10,0.67,10,1,mid,1,201080
10/2/2023,15,9,0.6,10,0,mid,0,229446
10/3/2023,15,9,0.6,10,0,mid,0,226728
10/4/2023,15,7,0.47,10,0,mid,0,153895
10/5/2023,15,8,0.53,10,0,mid,0,199120
10/6/2023,15,7,0.47,10,0,mid,0,142793
10/7/2023,15,9,0.6,10,1,mid,0,268011
10/8/2023,15,8,0.53,10,1,mid,0,230592
10/9/2023,15,9,0.6,10,0,mid,0,208107
10/10/2023,15,11,0.73,10,0,mid,0,311971
10/11/2023,15,11,0.73,10,0,mid,1,271326
10/12/2023,15,10,0.67,10,0,mid,0,287850
10/13/2023,15,9,0.6,10,0,mid,0,180549
10/14/2023,15,8,0.53,10,1,mid,0,222008
10/15/2023,15,12,0.8,10,1,mid,0,304236
10/16/2023,15,8,0.53,10,0,mid,0,205584
10/17/2023,15,8,0.53,10,0,mid,0,186280
10/18/2023,15,9,0.6,10,0,mid,0,225126
10/19/2023,15,12,0.8,10,0,mid,1,285072
10/20/2023,15,9,0.6,10,0,mid,0,214326
10/21/2023,15,8,0.53,10,1,mid,0,168800
10/22/2023,15,10,0.67,10,1,mid,0,245920
10/23/2023,15,10,0.67,10,0,mid,0,285770
10/24/2023,15,9,0.6,10,0,mid,1,192024
10/25/2023,15,10,0.67,10,0,mid,0,251470
10/26/2023,15,8,0.53,10,0,mid,0,215728
10/27/2023,15,9,0.6,10,0,mid,0,226251
10/28/2023,15,10,0.67,10,1,mid,0,282640
10/29/2023,15,8,0.53,10,1,mid,0,192400
10/30/2023,15,11,0.73,10,0,mid,1,232540
10/31/2023,15,8,0.53,10,0,mid,0,185160
11/1/2023,15,12,0.8,11,0,very_high,0,394152
11/2/2023,15,11,0.73,11,0,very_high,0,354046
11/3/2023,15,12,0.8,11,0,very_high,0,537924
11/4/2023,15,14,0.93,11,1,very_high,0,666372
11/5/2023,15,14,0.93,11,1,very_high,0,551040
11/6/2023,15,12,0.8,11,0,very_high,0,458568
11/7/2023,15,13,0.87,11,0,very_high,0,440726
11/8/2023,15,13,0.87,11,0,very_high,0,397696
11/9/2023,15,10,0.67,11,0,very_high,0,405270
11/10/2023,15,10,0.67,11,0,very_high,0,417310
11/11/2023,15,13,0.87,11,1,very_high,0,397735
11/12/2023,15,15,1,11,1,very_high,0,534570
11/13/2023,15,12,0.8,11,0,very_high,0,587928
11/14/2023,15,11,0.73,11,0,very_high,0,402017
11/15/2023,15,12,0.8,11,0,very_high,0,478848
11/16/2023,15,11,0.73,11,0,very_high,0,360855
11/17/2023,15,11,0.73,11,0,very_high,0,475893
11/18/2023,15,13,0.87,11,1,very_high,0,398944
11/19/2023,15,13,0.87,11,1,very_high,0,583232
11/20/2023,15,11,0.73,11,0,very_high,0,516714
11/21/2023,15,10,0.67,11,0,very_high,0,467420
11/22/2023,15,10,0.67,11,0,very_high,0,390000
11/23/2023,15,11,0.73,11,0,very_high,0,388047
11/24/2023,15,12,0.8,11,0,very_high,0,383268
11/25/2023,15,12,0.8,11,1,very_high,0,403776
11/26/2023,15,12,0.8,11,1,very_high,0,583452
11/27/2023,15,9,0.6,11,0,very_high,0,368415
11/28/2023,15,9,0.6,11,0,very_high,0,339606
11/29/2023,15,12,0.8,11,0,very_high,0,452136
11/30/2023,15,11,0.73,11,0,very_high,0,501281
12/1/2023,15,12,0.8,12,0,very_high,0,477684
12/2/2023,15,13,0.87,12,1,very_high,0,632489
12/3/2023,15,12,0.8,12,1,very_high,0,423624
12/4/2023,15,13,0.87,12,0,very_high,0,524732
12/5/2023,15,12,0.8,12,0,very_high,0,589440
12/6/2023,15,11,0.73,12,0,very_high,0,549494
12/7/2023,15,11,0.73,12,0,very_high,0,521576
12/8/2023,15,10,0.67,12,0,very_high,0,370110
12/9/2023,15,14,0.93,12,1,very_high,0,633556
12/10/2023,15,14,0.93,12,1,very_high,0,511490
12/11/2023,15,11,0.73,12,0,very_high,0,542036
12/12/2023,15,12,0.8,12,0,very_high,0,433776
12/13/2023,15,11,0.73,12,0,very_high,0,423423
12/14/2023,15,11,0.73,12,0,very_high,0,353881
12/15/2023,15,10,0.67,12,0,very_high,0,394340
12/16/2023,15,12,0.8,12,1,very_high,0,474504
12/17/2023,15,13,0.87,12,1,very_high,0,460044
12/18/2023,15,13,0.87,12,0,very_high,0,615849
12/19/2023,15,12,0.8,12,0,very_high,0,525264
12/20/2023,15,12,0.8,12,0,very_high,0,545004
12/21/2023,15,13,0.87,12,0,very_high,0,532428
12/22/2023,15,13,0.87,12,0,very_high,1,409149
12/23/2023,15,14,0.93,12,1,very_high,0,431144
12/24/2023,15,13,0.87,12,1,very_high,0,598585
12/25/2023,15,12,0.8,12,0,very_high,1,544020
12/26/2023,15,11,0.73,12,0,very_high,0,405658
12/27/2023,15,13,0.87,12,0,very_high,0,545688
12/28/2023,15,12,0.8,12,0,very_high,0,522960
12/29/2023,15,11,0.73,12,0,very_high,0,534578
12/30/2023,15,12,0.8,12,1,very_high,0,492132
12/31/2023,15,14,0.93,12,1,very_high,0,534324
1/1/2024,15,11,0.73,1,0,very_high,0,431343
1/2/2024,15,12,0.8,1,0,very_high,0,583008
1/3/2024,15,11,0.73,1,0,very_high,1,420266
1/4/2024,15,11,0.73,1,0,very_high,0,397661
1/5/2024,15,10,0.67,1,0,very_high,0,373580
1/6/2024,15,12,0.8,1,1,very_high,0,510828
1/7/2024,15,13,0.87,1,1,very_high,0,620451
1/8/2024,15,10,0.67,1,0,very_high,0,410770
1/9/2024,15,11,0.73,1,0,very_high,0,452067
1/10/2024,15,12,0.8,1,0,very_high,1,525084
1/11/2024,15,9,0.6,1,0,very_high,0,368820
1/12/2024,15,11,0.73,1,0,very_high,0,549076
1/13/2024,15,13,0.87,1,1,very_high,0,480363
1/14/2024,15,11,0.73,1,1,very_high,0,419078
1/15/2024,15,11,0.73,1,0,very_high,0,530640
1/16/2024,15,13,0.87,1,0,very_high,0,404729
1/17/2024,15,12,0.8,1,0,very_high,0,577620
1/18/2024,15,10,0.67,1,0,very_high,0,364880
1/19/2024,15,10,0.67,1,0,very_high,0,432030
1/20/2024,15,13,0.87,1,1,very_high,0,423969
1/21/2024,15,14,0.93,1,1,very_high,0,503412
1/22/2024,15,9,0.6,1,0,very_high,0,401778
1/23/2024,15,11,0.73,1,0,very_high,0,418847
1/24/2024,15,14,0.93,1,0,very_high,1,491456
1/25/2024,15,12,0.8,1,0,very_high,0,451848
1/26/2024,15,12,0.8,1,0,very_high,0,455148
1/27/2024,15,12,0.8,1,1,very_high,0,493752
1/28/2024,15,15,1,1,1,very_high,0,512070
1/29/2024,15,13,0.87,1,0,very_high,0,466414
1/30/2024,15,10,0.67,1,0,very_high,0,380150
1/31/2024,15,10,0.67,1,0,very_high,0,498790
2/1/2024,15,10,0.67,2,0,very_high,0,452260
2/2/2024,15,11,0.73,2,0,very_high,0,522302
2/3/2024,15,10,0.67,2,1,very_high,0,430190
2/4/2024,15,13,0.87,2,1,very_high,0,391820
2/5/2024,15,10,0.67,2,0,very_high,0,392080
2/6/2024,15,11,0.73,2,0,very_high,0,433246
2/7/2024,15,14,0.93,2,0,very_high,0,467600
2/8/2024,15,13,0.87,2,0,very_high,0,396110
2/9/2024,15,11,0.73,2,0,very_high,0,342947
2/10/2024,15,12,0.8,2,1,very_high,0,370848
2/11/2024,15,11,0.73,2,1,very_high,0,544643
2/12/2024,15,10,0.67,2,0,very_high,0,435990
2/13/2024,15,11,0.73,2,0,very_high,0,389202
2/14/2024,15,11,0.73,2,0,very_high,1,541684
2/15/2024,15,12,0.8,2,0,very_high,0,460860
2/16/2024,15,12,0.8,2,0,very_high,0,363372
2/17/2024,15,12,0.8,2,1,very_high,0,411408
2/18/2024,15,12,0.8,2,1,very_high,0,449892
2/19/2024,15,12,0.8,2,0,very_high,0,469704
2/20/2024,15,11,0.73,2,0,very_high,0,439076
2/21/2024,15,11,0.73,2,0,very_high,0,536063
2/22/2024,15,11,0.73,2,0,very_high,0,476069
2/23/2024,15,12,0.8,2,0,very_high,0,375840
2/24/2024,15,13,0.87,2,1,very_high,0,611988
2/25/2024,15,12,0.8,2,1,very_high,0,434976
2/26/2024,15,12,0.8,2,0,very_high,0,437472
2/27/2024,15,10,0.67,2,0,very_high,0,333820
2/28/2024,15,11,0.73,2,0,very_high,0,460691
2/29/2024,15,12,0.8,2,0,very_high,0,479760
3/1/2024,15,11,0.73,3,0,very_high,0,430155
3/2/2024,15,14,0.93,3,1,very_high,0,443464
3/3/2024,15,15,1,3,1,very_high,0,624465
3/4/2024,15,11,0.73,3,0,very_high,0,539891
3/5/2024,15,12,0.8,3,0,very_high,0,452628
3/6/2024,15,13,0.87,3,0,very_high,0,446368
3/7/2024,15,11,0.73,3,0,very_high,0,435567
3/8/2024,15,10,0.67,3,0,very_high,0,497860
3/9/2024,15,12,0.8,3,1,very_high,0,368364
3/10/2024,15,12,0.8,3,1,very_high,0,543336
3/11/2024,15,12,0.8,3,0,very_high,0,579468
3/12/2024,15,10,0.67,3,0,very_high,0,405910
3/13/2024,15,12,0.8,3,0,very_high,0,521472
3/14/2024,15,11,0.73,3,0,very_high,0,519266
3/15/2024,15,13,0.87,3,0,very_high,0,600678
3/16/2024,15,13,0.87,3,1,very_high,0,571207
3/17/2024,15,13,0.87,3,1,very_high,0,454740
3/18/2024,15,12,0.8,3,0,very_high,0,540780
3/19/2024,15,11,0.73,3,0,very_high,0,356444
3/20/2024,15,12,0.8,3,0,very_high,0,472524
3/21/2024,15,12,0.8,3,0,very_high,0,377496
3/22/2024,15,11,0.73,3,0,very_high,0,430661
3/23/2024,15,13,0.87,3,1,very_high,0,582985
3/24/2024,15,13,0.87,3,1,very_high,0,538460
3/25/2024,15,13,0.87,3,0,very_high,0,402181
3/26/2024,15,11,0.73,3,0,very_high,0,447502
3/27/2024,15,12,0.8,3,0,very_high,0,435396
3/28/2024,15,10,0.67,3,0,very_high,0,432850
3/29/2024,15,11,0.73,3,0,very_high,0,491689
3/30/2024,15,13,0.87,3,1,very_high,0,622102
3/31/2024,15,13,0.87,3,1,very_high,0,594360
4/1/2024,15,13,0.87,4,0,very_high,0,444574
4/2/2024,15,13,0.87,4,0,very_high,1,637650
4/3/2024,15,13,0.87,4,0,very_high,1,567580
4/4/2024,15,12,0.8,4,0,very_high,0,443436
4/5/2024,15,11,0.73,4,0,very_high,0,446094
4/6/2024,15,14,0.93,4,1,very_high,0,685874
4/7/2024,15,11,0.73,4,1,very_high,0,355443
4/8/2024,15,11,0.73,4,0,very_high,0,401170
4/9/2024,15,12,0.8,4,0,very_high,0,469644
4/10/2024,15,11,0.73,4,0,very_high,0,451990
4/11/2024,15,12,0.8,4,0,very_high,0,396876
4/12/2024,15,11,0.73,4,0,very_high,0,350108
4/13/2024,15,13,0.87,4,1,very_high,0,597090
4/14/2024,15,15,1,4,1,very_high,0,706650
4/15/2024,15,11,0.73,4,0,very_high,0,364221
4/16/2024,15,11,0.73,4,0,very_high,0,472208
4/17/2024,15,12,0.8,4,0,very_high,0,523032
4/18/2024,15,11,0.73,4,0,very_high,0,441232
4/19/2024,15,11,0.73,4,0,very_high,0,540606
4/20/2024,15,13,0.87,4,1,very_high,0,614718
4/21/2024,15,12,0.8,4,1,very_high,0,478176
4/22/2024,15,11,0.73,4,0,very_high,0,540782
4/23/2024,15,12,0.8,4,0,very_high,0,396000
4/24/2024,15,11,0.73,4,0,very_high,0,355025
4/25/2024,15,13,0.87,4,0,very_high,0,433927
4/26/2024,15,12,0.8,4,0,very_high,0,414576
4/27/2024,15,12,0.8,4,1,very_high,0,502872
4/28/2024,15,13,0.87,4,1,very_high,0,562861
4/29/2024,15,11,0.73,4,0,very_high,0,475882
4/30/2024,15,12,0.8,4,0,very_high,0,429468
5/1/2024,15,4,0.27,5,0,low,0,65560
5/2/2024,15,5,0.33,5,0,low,0,84340
5/3/2024,15,7,0.47,5,0,low,0,139846
5/4/2024,15,5,0.33,5,1,low,0,88335
5/5/2024,15,3,0.2,5,1,low,0,56028
5/6/2024,15,3,0.2,5,0,low,0,56718
5/7/2024,15,4,0.27,5,0,low,0,79124
5/8/2024,15,4,0.27,5,0,low,0,68888
5/9/2024,15,6,0.4,5,0,low,0,98460
5/10/2024,15,4,0.27,5,0,low,0,61480
5/11/2024,15,6,0.4,5,1,low,0,111444
5/12/2024,15,5,0.33,5,1,low,0,94320
5/13/2024,15,5,0.33,5,0,low,0,79200
5/14/2024,15,5,0.33,5,0,low,0,96330
5/15/2024,15,4,0.27,5,0,low,0,77204
5/16/2024,15,6,0.4,5,0,low,0,111186
5/17/2024,15,7,0.47,5,0,low,1,132706
5/18/2024,15,5,0.33,5,1,low,0,76575
5/19/2024,15,6,0.4,5,1,low,0,106218
5/20/2024,15,4,0.27,5,0,low,0,64856
5/21/2024,15,5,0.33,5,0,low,1,84295
5/22/2024,15,5,0.33,5,0,low,0,82350
5/23/2024,15,4,0.27,5,0,low,0,65280
5/24/2024,15,6,0.4,5,0,low,0,110016
5/25/2024,15,7,0.47,5,1,low,0,138999
5/26/2024,15,5,0.33,5,1,low,0,78730
5/27/2024,15,5,0.33,5,0,low,0,96905
5/28/2024,15,6,0.4,5,0,low,1,105312
5/29/2024,15,7,0.47,5,0,low,0,131642
5/30/2024,15,4,0.27,5,0,low,0,76624
5/31/2024,15,5,0.33,5,0,low,0,92620
6/1/2024,15,5,0.33,6,1,low,0,88255
6/2/2024,15,6,0.4,6,1,low,0,97884
6/3/2024,15,7,0.47,6,0,low,0,130410
6/4/2024,15,2,0.13,6,0,low,0,39264
6/5/2024,15,6,0.4,6,0,low,0,97506
6/6/2024,15,5,0.33,6,0,low,0,93395
6/7/2024,15,7,0.47,6,0,low,0,117789
6/8/2024,15,6,0.4,6,1,low,0,92310
6/9/2024,15,6,0.4,6,1,low,0,107382
6/10/2024,15,5,0.33,6,0,low,0,79175
6/11/2024,15,4,0.27,6,0,low,0,67588
6/12/2024,15,5,0.33,6,0,low,0,81635
6/13/2024,15,5,0.33,6,0,low,0,75865
6/14/2024,15,4,0.27,6,0,low,0,75640
6/15/2024,15,8,0.53,6,1,low,0,156848
6/16/2024,15,6,0.4,6,1,low,0,95232
6/17/2024,15,5,0.33,6,0,low,0,81955
6/18/2024,15,7,0.47,6,0,low,0,125433
6/19/2024,15,5,0.33,6,0,low,0,99415
6/20/2024,15,4,0.27,6,0,low,0,62464
6/21/2024,15,5,0.33,6,0,low,0,94100
6/22/2024,15,6,0.4,6,1,low,0,115770
6/23/2024,15,9,0.6,6,1,low,1,177075
6/24/2024,15,7,0.47,6,0,low,1,129682
6/25/2024,15,6,0.4,6,0,low,0,90036
6/26/2024,15,5,0.33,6,0,low,0,95930
6/27/2024,15,5,0.33,6,0,low,0,78300
6/28/2024,15,4,0.27,6,0,low,0,75280
6/29/2024,15,6,0.4,6,1,low,0,98676
6/30/2024,15,5,0.33,6,1,low,0,98990
7/1/2024,15,4,0.27,7,0,low,0,78764
7/2/2024,15,6,0.4,7,0,low,0,106218
7/3/2024,15,2,0.13,7,0,low,0,32328
7/4/2024,15,6,0.4,7,0,low,0,94998
7/5/2024,15,4,0.27,7,0,low,0,71428
7/6/2024,15,7,0.47,7,1,low,0,109991
7/7/2024,15,6,0.4,7,1,low,0,103542
7/8/2024,15,5,0.33,7,0,low,0,90610
7/9/2024,15,6,0.4,7,0,low,0,104934
7/10/2024,15,6,0.4,7,0,low,0,119940
7/11/2024,15,6,0.4,7,0,low,1,114672
7/12/2024,15,5,0.33,7,0,low,0,87875
7/13/2024,15,7,0.47,7,1,low,1,134288
7/14/2024,15,5,0.33,7,1,low,0,83675
7/15/2024,15,5,0.33,7,0,low,0,94290
7/16/2024,15,5,0.33,7,0,low,0,91080
7/17/2024,15,4,0.27,7,0,low,0,60120
7/18/2024,15,3,0.2,7,0,low,0,49590
7/19/2024,15,5,0.33,7,0,low,0,86645
7/20/2024,15,4,0.27,7,1,low,0,71356
7/21/2024,15,6,0.4,7,1,low,0,115932
7/22/2024,15,4,0.27,7,0,low,0,63368
7/23/2024,15,7,0.47,7,0,low,0,139811
7/24/2024,15,4,0.27,7,0,low,0,71008
7/25/2024,15,6,0.4,7,0,low,0,97032
7/26/2024,15,5,0.33,7,0,low,0,93500
7/27/2024,15,7,0.47,7,1,low,0,135366
7/28/2024,15,4,0.27,7,1,low,0,62600
7/29/2024,15,7,0.47,7,0,low,0,122479
7/30/2024,15,3,0.2,7,0,low,0,52365
7/31/2024,15,3,0.2,7,0,low,0,50382
8/1/2024,15,9,0.6,8,0,mid,0,265626
8/2/2024,15,8,0.53,8,0,mid,0,162408
8/3/2024,15,9,0.6,8,1,mid,0,192915
8/4/2024,15,10,0.67,8,1,mid,0,206410
8/5/2024,15,11,0.73,8,0,mid,0,243166
8/6/2024,15,11,0.73,8,0,mid,1,295350
8/7/2024,15,7,0.47,8,0,mid,0,155148
8/8/2024,15,9,0.6,8,0,mid,0,267012
8/9/2024,15,9,0.6,8,0,mid,0,263538
8/10/2024,15,12,0.8,8,1,mid,0,261816
8/11/2024,15,8,0.53,8,1,mid,0,198080
8/12/2024,15,7,0.47,8,0,mid,0,207921
8/13/2024,15,9,0.6,8,0,mid,0,256248
8/14/2024,15,9,0.6,8,0,mid,0,217251
8/15/2024,15,9,0.6,8,0,mid,0,243207
8/16/2024,15,10,0.67,8,0,mid,1,222860
8/17/2024,15,8,0.53,8,1,mid,0,225456
8/18/2024,15,10,0.67,8,1,mid,0,273420
8/19/2024,15,8,0.53,8,0,mid,0,193000
8/20/2024,15,9,0.6,8,0,mid,0,222912
8/21/2024,15,12,0.8,8,0,mid,1,353760
8/22/2024,15,8,0.53,8,0,mid,0,232352
8/23/2024,15,8,0.53,8,0,mid,0,176352
8/24/2024,15,9,0.6,8,1,mid,0,239508
8/25/2024,15,8,0.53,8,1,mid,0,185008
8/26/2024,15,8,0.53,8,0,mid,0,191144
8/27/2024,15,8,0.53,8,0,mid,1,190288
8/28/2024,15,9,0.6,8,0,mid,0,255870
8/29/2024,15,9,0.6,8,0,mid,0,268083
8/30/2024,15,8,0.53,8,0,mid,0,177568
8/31/2024,15,11,0.73,8,1,mid,0,303974
9/1/2024,15,11,0.73,9,1,mid,0,220165
9/2/2024,15,7,0.47,9,0,mid,0,191282
9/3/2024,15,9,0.6,9,0,mid,0,260883
9/4/2024,15,8,0.53,9,0,mid,0,209352
9/5/2024,15,9,0.6,9,0,mid,0,181935
9/6/2024,15,8,0.53,9,0,mid,0,210896
9/7/2024,15,11,0.73,9,1,mid,0,261261
9/8/2024,15,10,0.67,9,1,mid,0,238510
9/9/2024,15,8,0.53,9,0,mid,0,232248
9/10/2024,15,6,0.4,9,0,mid,0,162384
9/11/2024,15,8,0.53,9,0,mid,0,177144
9/12/2024,15,9,0.6,9,0,mid,0,231606
9/13/2024,15,7,0.47,9,0,mid,0,192563
9/14/2024,15,11,0.73,9,1,mid,0,288508
9/15/2024,15,9,0.6,9,1,mid,0,210969
9/16/2024,15,8,0.53,9,0,mid,0,224192
9/17/2024,15,7,0.47,9,0,mid,0,142786
9/18/2024,15,10,0.67,9,0,mid,0,217100
9/19/2024,15,9,0.6,9,0,mid,0,244080
9/20/2024,15,8,0.53,9,0,mid,0,173448
9/21/2024,15,12,0.8,9,1,mid,0,328728
9/22/2024,15,8,0.53,9,1,mid,0,231352
9/23/2024,15,9,0.6,9,0,mid,0,227646
9/24/2024,15,8,0.53,9,0,mid,0,211080
9/25/2024,15,8,0.53,9,0,mid,0,238592
9/26/2024,15,8,0.53,9,0,mid,0,161288
9/27/2024,15,8,0.53,9,0,mid,0,165968
9/28/2024,15,8,0.53,9,1,mid,0,219944
9/29/2024,15,9,0.6,9,1,mid,0,263052
9/30/2024,15,9,0.6,9,0,mid,0,235242
10/1/2024,15,9,0.6,10,0,mid,0,183456
10/2/2024,15,8,0.53,10,0,mid,0,229192
10/3/2024,15,8,0.53,10,0,mid,0,239400
10/4/2024,15,8,0.53,10,0,mid,0,233408
10/5/2024,15,9,0.6,10,1,mid,0,229545
10/6/2024,15,10,0.67,10,1,mid,0,256160
10/7/2024,15,9,0.6,10,0,mid,0,227745
10/8/2024,15,8,0.53,10,0,mid,0,197104
10/9/2024,15,6,0.4,10,0,mid,0,132726
10/10/2024,15,9,0.6,10,0,mid,0,207963
10/11/2024,15,8,0.53,10,0,mid,0,204552
10/12/2024,15,11,0.73,10,1,mid,0,325820
10/13/2024,15,9,0.6,10,1,mid,0,232353
10/14/2024,15,9,0.6,10,0,mid,0,255474
10/15/2024,15,9,0.6,10,0,mid,0,252891
10/16/2024,15,8,0.53,10,0,mid,0,189864
10/17/2024,15,8,0.53,10,0,mid,0,166344
10/18/2024,15,8,0.53,10,0,mid,0,210040
10/19/2024,15,10,0.67,10,1,mid,0,205720
10/20/2024,15,13,0.87,10,1,mid,1,304889
10/21/2024,15,9,0.6,10,0,mid,0,242568
10/22/2024,15,8,0.53,10,0,mid,0,195264
10/23/2024,15,9,0.6,10,0,mid,0,225450
10/24/2024,15,10,0.67,10,0,mid,0,207410
10/25/2024,15,8,0.53,10,0,mid,0,178680
10/26/2024,15,9,0.6,10,1,mid,0,235791
10/27/2024,15,10,0.67,10,1,mid,0,237790
10/28/2024,15,10,0.67,10,0,mid,0,260960
10/29/2024,15,8,0.53,10,0,mid,0,225264
10/30/2024,15,7,0.47,10,0,mid,0,144858
10/31/2024,15,9,0.6,10,0,mid,0,245952
11/1/2024,15,10,0.67,11,0,very_high,0,321460
11/2/2024,15,10,0.67,11,1,very_high,0,493100
11/3/2024,15,12,0.8,11,1,very_high,0,425496
11/4/2024,15,12,0.8,11,0,very_high,0,445584
11/5/2024,15,11,0.73,11,0,very_high,0,363506
11/6/2024,15,11,0.73,11,0,very_high,0,355487
11/7/2024,15,12,0.8,11,0,very_high,0,477708
11/8/2024,15,11,0.73,11,0,very_high,0,540133
11/9/2024,15,14,0.93,11,1,very_high,0,580706
11/10/2024,15,14,0.93,11,1,very_high,0,510090
11/11/2024,15,13,0.87,11,0,very_high,0,524992
11/12/2024,15,13,0.87,11,0,very_high,0,584766
11/13/2024,15,11,0.73,11,0,very_high,1,404173
11/14/2024,15,12,0.8,11,0,very_high,0,458676
11/15/2024,15,9,0.6,11,0,very_high,0,370530
11/16/2024,15,12,0.8,11,1,very_high,0,448932
11/17/2024,15,13,0.87,11,1,very_high,0,432159
11/18/2024,15,12,0.8,11,0,very_high,1,464172
11/19/2024,15,12,0.8,11,0,very_high,0,412800
11/20/2024,15,10,0.67,11,0,very_high,0,399290
11/21/2024,15,10,0.67,11,0,very_high,0,485180
11/22/2024,15,11,0.73,11,0,very_high,0,334895
11/23/2024,15,15,1,11,1,very_high,0,508485
11/24/2024,15,12,0.8,11,1,very_high,0,550680
11/25/2024,15,12,0.8,11,0,very_high,0,535200
11/26/2024,15,11,0.73,11,0,very_high,0,426294
11/27/2024,15,12,0.8,11,0,very_high,0,385140
11/28/2024,15,12,0.8,11,0,very_high,0,387468
11/29/2024,15,12,0.8,11,0,very_high,0,407028
11/30/2024,15,14,0.93,11,1,very_high,0,466130
12/1/2024,15,13,0.87,12,1,very_high,0,601445
12/2/2024,15,12,0.8,12,0,very_high,0,488184
12/3/2024,15,10,0.67,12,0,very_high,0,464950
12/4/2024,15,11,0.73,12,0,very_high,0,374495
12/5/2024,15,12,0.8,12,0,very_high,0,445584
12/6/2024,15,11,0.73,12,0,very_high,0,541332
12/7/2024,15,12,0.8,12,1,very_high,0,473604
12/8/2024,15,11,0.73,12,1,very_high,0,488686
12/9/2024,15,12,0.8,12,0,very_high,0,466740
12/10/2024,15,11,0.73,12,0,very_high,0,341352
12/11/2024,15,11,0.73,12,0,very_high,0,334697
12/12/2024,15,11,0.73,12,0,very_high,0,483395
12/13/2024,15,11,0.73,12,0,very_high,0,433367
12/14/2024,15,12,0.8,12,1,very_high,0,416988
12/15/2024,15,12,0.8,12,1,very_high,0,557028
12/16/2024,15,13,0.87,12,0,very_high,0,549055
12/17/2024,15,10,0.67,12,0,very_high,0,472900
12/18/2024,15,11,0.73,12,0,very_high,0,461934
12/19/2024,15,11,0.73,12,0,very_high,0,446974
12/20/2024,15,13,0.87,12,0,very_high,0,444080
12/21/2024,15,10,0.67,12,1,very_high,0,460330
12/22/2024,15,14,0.93,12,1,very_high,0,637658
12/23/2024,15,12,0.8,12,0,very_high,0,549348
12/24/2024,15,12,0.8,12,0,very_high,0,481956
12/25/2024,15,11,0.73,12,0,very_high,0,334521
12/26/2024,15,10,0.67,12,0,very_high,0,319480
12/27/2024,15,10,0.67,12,0,very_high,0,412060
12/28/2024,15,12,0.8,12,1,very_high,0,486948
12/29/2024,15,13,0.87,12,1,very_high,0,622661
12/30/2024,15,12,0.8,12,0,very_high,0,388776
12/31/2024,15,11,0.73,12,0,very_high,0,363110
1/1/2025,15,11,0.73,1,0,very_high,0,515427
1/2/2025,15,12,0.8,1,0,very_high,1,431100
1/3/2025,15,12,0.8,1,0,very_high,0,513576
1/4/2025,15,14,0.93,1,1,very_high,0,619962
1/5/2025,15,11,0.73,1,1,very_high,0,526372
1/6/2025,15,12,0.8,1,0,very_high,0,381552
1/7/2025,15,13,0.87,1,0,very_high,0,528775
1/8/2025,15,13,0.87,1,0,very_high,0,639795
1/9/2025,15,13,0.87,1,0,very_high,0,459251
1/10/2025,15,11,0.73,1,0,very_high,0,486684
1/11/2025,15,12,0.8,1,1,very_high,0,498816
1/12/2025,15,13,0.87,1,1,very_high,0,406380
1/13/2025,15,13,0.87,1,0,very_high,0,462631
1/14/2025,15,13,0.87,1,0,very_high,0,522743
1/15/2025,15,13,0.87,1,0,very_high,0,509613
1/16/2025,15,10,0.67,1,0,very_high,0,302380
1/17/2025,15,11,0.73,1,0,very_high,0,374517
1/18/2025,15,14,0.93,1,1,very_high,0,595420
1/19/2025,15,13,0.87,1,1,very_high,0,478985
1/20/2025,15,14,0.93,1,0,very_high,0,484596
1/21/2025,15,13,0.87,1,0,very_high,0,557908
1/22/2025,15,13,0.87,1,0,very_high,0,616629
1/23/2025,15,12,0.8,1,0,very_high,0,568692
1/24/2025,15,10,0.67,1,0,very_high,0,363550
1/25/2025,15,13,0.87,1,1,very_high,0,529906
1/26/2025,15,12,0.8,1,1,very_high,0,443040
1/27/2025,15,12,0.8,1,0,very_high,0,433860
1/28/2025,15,9,0.6,1,0,very_high,0,401643
1/29/2025,15,12,0.8,1,0,very_high,0,362904
1/30/2025,15,12,0.8,1,0,very_high,0,365964
1/31/2025,15,12,0.8,1,0,very_high,0,530208
2/1/2025,15,12,0.8,2,1,very_high,0,591048
2/2/2025,15,14,0.93,2,1,very_high,0,624596
2/3/2025,15,13,0.87,2,0,very_high,0,444912
2/4/2025,15,12,0.8,2,0,very_high,0,552720
2/5/2025,15,11,0.73,2,0,very_high,0,359073
2/6/2025,15,11,0.73,2,0,very_high,0,542146
2/7/2025,15,12,0.8,2,0,very_high,0,418380
2/8/2025,15,14,0.93,2,1,very_high,0,671468
2/9/2025,15,14,0.93,2,1,very_high,0,426328
2/10/2025,15,11,0.73,2,0,very_high,0,385671
2/11/2025,15,11,0.73,2,0,very_high,0,473627
2/12/2025,15,10,0.67,2,0,very_high,0,392190
2/13/2025,15,12,0.8,2,0,very_high,0,588120
2/14/2025,15,11,0.73,2,0,very_high,0,412610
2/15/2025,15,12,0.8,2,1,very_high,0,397752
2/16/2025,15,14,0.93,2,1,very_high,0,681842
2/17/2025,15,11,0.73,2,0,very_high,0,518892
2/18/2025,15,11,0.73,2,0,very_high,0,403029
2/19/2025,15,11,0.73,2,0,very_high,0,444675
2/20/2025,15,12,0.8,2,0,very_high,0,538356
2/21/2025,15,13,0.87,2,0,very_high,0,395434
2/22/2025,15,13,0.87,2,1,very_high,0,619515
2/23/2025,15,14,0.93,2,1,very_high,0,478394
2/24/2025,15,9,0.6,2,0,very_high,0,416817
2/25/2025,15,13,0.87,2,0,very_high,0,510458
2/26/2025,15,12,0.8,2,0,very_high,0,555888
2/27/2025,15,10,0.67,2,0,very_high,0,342770
2/28/2025,15,11,0.73,2,0,very_high,0,397177
3/1/2025,15,13,0.87,3,1,very_high,0,611494
3/2/2025,15,15,1,3,1,very_high,1,639660
3/3/2025,15,11,0.73,3,0,very_high,0,484451
3/4/2025,15,12,0.8,3,0,very_high,0,548760
3/5/2025,15,13,0.87,3,0,very_high,0,617019
3/6/2025,15,12,0.8,3,0,very_high,0,476352
3/7/2025,15,13,0.87,3,0,very_high,1,546455
3/8/2025,15,12,0.8,3,1,very_high,0,513372
3/9/2025,15,15,1,3,1,very_high,0,624165
3/10/2025,15,11,0.73,3,0,very_high,0,472230
3/11/2025,15,10,0.67,3,0,very_high,0,456410
3/12/2025,15,11,0.73,3,0,very_high,0,482064
3/13/2025,15,13,0.87,3,0,very_high,0,619905
3/14/2025,15,11,0.73,3,0,very_high,0,426371
3/15/2025,15,12,0.8,3,1,very_high,0,373752
3/16/2025,15,13,0.87,3,1,very_high,0,643786
3/17/2025,15,10,0.67,3,0,very_high,0,444890
3/18/2025,15,11,0.73,3,0,very_high,0,476773
3/19/2025,15,10,0.67,3,0,very_high,0,315870
3/20/2025,15,11,0.73,3,0,very_high,0,517880
3/21/2025,15,12,0.8,3,0,very_high,0,594708
3/22/2025,15,13,0.87,3,1,very_high,0,533390
3/23/2025,15,14,0.93,3,1,very_high,0,673442
3/24/2025,15,11,0.73,3,0,very_high,0,447271
3/25/2025,15,12,0.8,3,0,very_high,0,545256
3/26/2025,15,12,0.8,3,0,very_high,0,512064
3/27/2025,15,13,0.87,3,0,very_high,0,421551
3/28/2025,15,10,0.67,3,0,very_high,0,430480
3/29/2025,15,11,0.73,3,1,very_high,0,340384
3/30/2025,15,15,1,3,1,very_high,0,728835
3/31/2025,15,14,0.93,3,0,very_high,1,631918
4/1/2025,15,11,0.73,4,0,very_high,0,338965
4/2/2025,15,12,0.8,4,0,very_high,0,527196
4/3/2025,15,10,0.67,4,0,very_high,0,327360
4/4/2025,15,13,0.87,4,0,very_high,0,530985
4/5/2025,15,12,0.8,4,1,very_high,0,514548
4/6/2025,15,11,0.73,4,1,very_high,0,517374
4/7/2025,15,12,0.8,4,0,very_high,0,393696
4/8/2025,15,10,0.67,4,0,very_high,0,301750
4/9/2025,15,13,0.87,4,0,very_high,0,423384
4/10/2025,15,11,0.73,4,0,very_high,0,389851
4/11/2025,15,11,0.73,4,0,very_high,0,464508
4/12/2025,15,13,0.87,4,1,very_high,0,471601
4/13/2025,15,14,0.93,4,1,very_high,0,465108
4/14/2025,15,11,0.73,4,0,very_high,0,392634
4/15/2025,15,10,0.67,4,0,very_high,0,473330
4/16/2025,15,11,0.73,4,0,very_high,0,471152
4/17/2025,15,12,0.8,4,0,very_high,0,460560
4/18/2025,15,11,0.73,4,0,very_high,0,476729
4/19/2025,15,13,0.87,4,1,very_high,0,427570
4/20/2025,15,12,0.8,4,1,very_high,0,537528
4/21/2025,15,12,0.8,4,0,very_high,0,380304
4/22/2025,15,11,0.73,4,0,very_high,0,525030
4/23/2025,15,11,0.73,4,0,very_high,0,531575
4/24/2025,15,12,0.8,4,0,very_high,0,419136
4/25/2025,15,10,0.67,4,0,very_high,0,335230
4/26/2025,15,13,0.87,4,1,very_high,0,596908
4/27/2025,15,14,0.93,4,1,very_high,0,624372
4/28/2025,15,9,0.6,4,0,very_high,0,354393
4/29/2025,15,11,0.73,4,0,very_high,0,342925
4/30/2025,15,11,0.73,4,0,very_high,0,514987
5/1/2025,15,4,0.27,5,0,low,0,70428
5/2/2025,15,3,0.2,5,0,low,0,45510
5/3/2025,15,3,0.2,5,1,low,0,58272
5/4/2025,15,7,0.47,5,1,low,0,132944
5/5/2025,15,4,0.27,5,0,low,0,70152
5/6/2025,15,4,0.27,5,0,low,0,73212
5/7/2025,15,5,0.33,5,0,low,0,83940
5/8/2025,15,6,0.4,5,0,low,0,95874
5/9/2025,15,6,0.4,5,0,low,0,114864
5/10/2025,15,7,0.47,5,1,low,0,112091
5/11/2025,15,5,0.33,5,1,low,0,76905
5/12/2025,15,5,0.33,5,0,low,0,86230
5/13/2025,15,5,0.33,5,0,low,0,77475
5/14/2025,15,5,0.33,5,0,low,0,93920
5/15/2025,15,6,0.4,5,0,low,0,92694
5/16/2025,15,5,0.33,5,0,low,0,91430
5/17/2025,15,7,0.47,5,1,low,0,126791
5/18/2025,15,7,0.47,5,1,low,0,138236
5/19/2025,15,4,0.27,5,0,low,0,64432
5/20/2025,15,4,0.27,5,0,low,0,79620
5/21/2025,15,4,0.27,5,0,low,0,71756
5/22/2025,15,5,0.33,5,0,low,0,78025
5/23/2025,15,4,0.27,5,0,low,0,66480
5/24/2025,15,5,0.33,5,1,low,0,90125
5/25/2025,15,6,0.4,5,1,low,0,93114
5/26/2025,15,3,0.2,5,0,low,0,52863
5/27/2025,15,6,0.4,5,0,low,0,107142
5/28/2025,15,5,0.33,5,0,low,0,85175
5/29/2025,15,2,0.13,5,0,low,0,36094
5/30/2025,15,6,0.4,5,0,low,0,92562
5/31/2025,15,5,0.33,5,1,low,0,95495
6/1/2025,15,8,0.53,6,1,low,0,146888
6/2/2025,15,4,0.27,6,0,low,0,79984
6/3/2025,15,6,0.4,6,0,low,1,104346
6/4/2025,15,5,0.33,6,0,low,0,86000
6/5/2025,15,6,0.4,6,0,low,0,97680
6/6/2025,15,5,0.33,6,0,low,1,84740
6/7/2025,15,6,0.4,6,1,low,0,111300
6/8/2025,15,7,0.47,6,1,low,0,113715
6/9/2025,15,6,0.4,6,0,low,0,110196
6/10/2025,15,7,0.47,6,0,low,1,120631
6/11/2025,15,9,0.6,6,0,low,1,172188
6/12/2025,15,5,0.33,6,0,low,0,90930
6/13/2025,15,5,0.33,6,0,low,0,77915
6/14/2025,15,6,0.4,6,1,low,0,114048
6/15/2025,15,7,0.47,6,1,low,0,138768
6/16/2025,15,3,0.2,6,0,low,0,50493
6/17/2025,15,6,0.4,6,0,low,0,101604
6/18/2025,15,2,0.13,6,0,low,0,38254
6/19/2025,15,4,0.27,6,0,low,0,68236
6/20/2025,15,4,0.27,6,0,low,0,68848
6/21/2025,15,7,0.47,6,1,low,0,111601
6/22/2025,15,8,0.53,6,1,low,0,137080
6/23/2025,15,5,0.33,6,0,low,0,79165
6/24/2025,15,4,0.27,6,0,low,0,66820
6/25/2025,15,6,0.4,6,0,low,0,93090
6/26/2025,15,5,0.33,6,0,low,0,90105
6/27/2025,15,5,0.33,6,0,low,0,96425
6/28/2025,15,5,0.33,6,1,low,0,83115
6/29/2025,15,7,0.47,6,1,low,0,129157
6/30/2025,15,4,0.27,6,0,low,0,64160
7/1/2025,15,6,0.4,7,0,low,0,119550
7/2/2025,15,4,0.27,7,0,low,0,70348
7/3/2025,15,5,0.33,7,0,low,1,84435
7/4/2025,15,6,0.4,7,0,low,0,105450
7/5/2025,15,5,0.33,7,1,low,0,91220
7/6/2025,15,6,0.4,7,1,low,0,96270
7/7/2025,15,4,0.27,7,0,low,0,69544
7/8/2025,15,6,0.4,7,0,low,0,95526
7/9/2025,15,5,0.33,7,0,low,0,78170
7/10/2025,15,6,0.4,7,0,low,0,119040
7/11/2025,15,5,0.33,7,0,low,0,77845
7/12/2025,15,6,0.4,7,1,low,0,99870
7/13/2025,15,4,0.27,7,1,low,0,65380
7/14/2025,15,5,0.33,7,0,low,0,77645
7/15/2025,15,6,0.4,7,0,low,0,95634
7/16/2025,15,6,0.4,7,0,low,0,117306
7/17/2025,15,6,0.4,7,0,low,0,109392
7/18/2025,15,4,0.27,7,0,low,0,75768
7/19/2025,15,6,0.4,7,1,low,0,99954
7/20/2025,15,9,0.6,7,1,low,1,141030
7/21/2025,15,3,0.2,7,0,low,0,53418
7/22/2025,15,3,0.2,7,0,low,0,49581
7/23/2025,15,3,0.2,7,0,low,0,55131
7/24/2025,15,6,0.4,7,0,low,1,104190
7/25/2025,15,6,0.4,7,0,low,0,92964
7/26/2025,15,5,0.33,7,1,low,0,77750
7/27/2025,15,5,0.33,7,1,low,0,94245
7/28/2025,15,5,0.33,7,0,low,0,94200
7/29/2025,15,6,0.4,7,0,low,0,110178
7/30/2025,15,5,0.33,7,0,low,0,88445
7/31/2025,15,4,0.27,7,0,low,0,71456
8/1/2025,15,9,0.6,8,0,mid,0,260424
8/2/2025,15,10,0.67,8,1,mid,0,219870
8/3/2025,15,10,0.67,8,1,mid,0,202410
8/4/2025,15,8,0.53,8,0,mid,0,208480
8/5/2025,15,8,0.53,8,0,mid,0,212176
8/6/2025,15,10,0.67,8,0,mid,0,240240
8/7/2025,15,10,0.67,8,0,mid,0,254830
8/8/2025,15,7,0.47,8,0,mid,0,205744
8/9/2025,15,12,0.8,8,1,mid,0,296400
8/10/2025,15,11,0.73,8,1,mid,0,273427
8/11/2025,15,10,0.67,8,0,mid,0,272600
8/12/2025,15,9,0.6,8,0,mid,0,199953
8/13/2025,15,9,0.6,8,0,mid,0,247464
8/14/2025,15,8,0.53,8,0,mid,0,176008
8/15/2025,15,9,0.6,8,0,mid,0,252180
8/16/2025,15,11,0.73,8,1,mid,1,241857
8/17/2025,15,9,0.6,8,1,mid,0,239058
8/18/2025,15,9,0.6,8,0,mid,0,253197
8/19/2025,15,10,0.67,8,0,mid,0,223550
8/20/2025,15,9,0.6,8,0,mid,0,240975
8/21/2025,15,11,0.73,8,0,mid,1,264968
8/22/2025,15,10,0.67,8,0,mid,0,257810
8/23/2025,15,11,0.73,8,1,mid,0,248160
8/24/2025,15,10,0.67,8,1,mid,0,290010
8/25/2025,15,8,0.53,8,0,mid,0,208096
8/26/2025,15,9,0.6,8,0,mid,0,269631
8/27/2025,15,9,0.6,8,0,mid,0,245016
8/28/2025,15,10,0.67,8,0,mid,0,233120
8/29/2025,15,11,0.73,8,0,mid,1,279928
8/30/2025,15,9,0.6,8,1,mid,0,220446
8/31/2025,15,11,0.73,8,1,mid,0,232298
9/1/2025,15,8,0.53,9,0,mid,0,222792
9/2/2025,15,7,0.47,9,0,mid,0,165935
9/3/2025,15,7,0.47,9,0,mid,0,170436
9/4/2025,15,10,0.67,9,0,mid,0,296030
9/5/2025,15,10,0.67,9,0,mid,1,206820
9/6/2025,15,12,0.8,9,1,mid,1,257580
9/7/2025,15,10,0.67,9,1,mid,0,235980
9/8/2025,15,7,0.47,9,0,mid,0,165991
9/9/2025,15,9,0.6,9,0,mid,0,250785
9/10/2025,15,10,0.67,9,0,mid,0,267010
9/11/2025,15,10,0.67,9,0,mid,0,234020
9/12/2025,15,8,0.53,9,0,mid,0,237920
9/13/2025,15,10,0.67,9,1,mid,0,217400
9/14/2025,15,11,0.73,9,1,mid,0,231143
9/15/2025,15,10,0.67,9,0,mid,0,294580
9/16/2025,15,10,0.67,9,0,mid,0,282710
9/17/2025,15,8,0.53,9,0,mid,0,213248
9/18/2025,15,9,0.6,9,0,mid,0,200169
9/19/2025,15,7,0.47,9,0,mid,0,163282
9/20/2025,15,9,0.6,9,1,mid,0,190377
9/21/2025,15,11,0.73,9,1,mid,0,274813
9/22/2025,15,9,0.6,9,0,mid,0,260379
9/23/2025,15,8,0.53,9,0,mid,0,173048
9/24/2025,15,7,0.47,9,0,mid,0,157654
9/25/2025,15,8,0.53,9,0,mid,0,195984
9/26/2025,15,6,0.4,9,0,mid,0,161826
9/27/2025,15,10,0.67,9,1,mid,0,221530
9/28/2025,15,10,0.67,9,1,mid,0,221540
9/29/2025,15,10,0.67,9,0,mid,0,201540
9/30/2025,15,9,0.6,9,0,mid,0,256797
10/1/2025,15,8,0.53,10,0,mid,0,190888
10/2/2025,15,8,0.53,10,0,mid,0,227528
10/3/2025,15,9,0.6,10,0,mid,0,218007
10/4/2025,15,8,0.53,10,1,mid,0,230024
10/5/2025,15,10,0.67,10,1,mid,0,262690
10/6/2025,15,9,0.6,10,0,mid,0,209241
10/7/2025,15,7,0.47,10,0,mid,0,167860
10/8/2025,15,7,0.47,10,0,mid,0,190274
10/9/2025,15,8,0.53,10,0,mid,0,214016
10/10/2025,15,9,0.6,10,0,mid,0,188091
10/11/2025,15,12,0.8,10,1,mid,0,350328
10/12/2025,15,12,0.8,10,1,mid,0,247128
10/13/2025,15,10,0.67,10,0,mid,0,286880
10/14/2025,15,10,0.67,10,0,mid,0,243630
10/15/2025,15,9,0.6,10,0,mid,1,204003
10/16/2025,15,8,0.53,10,0,mid,0,236696
10/17/2025,15,9,0.6,10,0,mid,0,263736
10/18/2025,15,10,0.67,10,1,mid,0,293680
10/19/2025,15,10,0.67,10,1,mid,0,230800
10/20/2025,15,9,0.6,10,0,mid,0,265581
10/21/2025,15,8,0.53,10,0,mid,0,208744
10/22/2025,15,9,0.6,10,0,mid,0,183888
10/23/2025,15,8,0.53,10,0,mid,0,222304
10/24/2025,15,7,0.47,10,0,mid,0,171332
10/25/2025,15,11,0.73,10,1,mid,0,289652
10/26/2025,15,9,0.6,10,1,mid,0,210150
10/27/2025,15,10,0.67,10,0,mid,0,285890
10/28/2025,15,7,0.47,10,0,mid,0,141316
10/29/2025,15,8,0.53,10,0,mid,0,210968
10/30/2025,15,9,0.6,10,0,mid,0,199323
10/31/2025,15,8,0.53,10,0,mid,0,232712
11/1/2025,15,12,0.8,11,1,very_high,0,396132
11/2/2025,15,13,0.87,11,1,very_high,0,607243
11/3/2025,15,13,0.87,11,0,very_high,0,583986
11/4/2025,15,12,0.8,11,0,very_high,0,492528
11/5/2025,15,11,0.73,11,0,very_high,0,489379
11/6/2025,15,13,0.87,11,0,very_high,0,463450
11/7/2025,15,13,0.87,11,0,very_high,0,516048
11/8/2025,15,14,0.93,11,1,very_high,0,513422
11/9/2025,15,12,0.8,11,1,very_high,0,566856
11/10/2025,15,14,0.93,11,0,very_high,1,454342
11/11/2025,15,11,0.73,11,0,very_high,0,341770
11/12/2025,15,13,0.87,11,0,very_high,0,431457
11/13/2025,15,13,0.87,11,0,very_high,0,591084
11/14/2025,15,13,0.87,11,0,very_high,0,616915
11/15/2025,15,12,0.8,11,1,very_high,0,415800
11/16/2025,15,13,0.87,11,1,very_high,0,534937
11/17/2025,15,13,0.87,11,0,very_high,0,485823
11/18/2025,15,12,0.8,11,0,very_high,0,470736
11/19/2025,15,11,0.73,11,0,very_high,0,501820
11/20/2025,15,12,0.8,11,0,very_high,0,363144
11/21/2025,15,12,0.8,11,0,very_high,0,379692
11/22/2025,15,14,0.93,11,1,very_high,0,514654
11/23/2025,15,12,0.8,11,1,very_high,0,560688
11/24/2025,15,10,0.67,11,0,very_high,0,407220
11/25/2025,15,11,0.73,11,0,very_high,0,535216
11/26/2025,15,10,0.67,11,0,very_high,0,313770
11/27/2025,15,11,0.73,11,0,very_high,0,336457
11/28/2025,15,15,1,11,0,very_high,1,602220
11/29/2025,15,15,1,11,1,very_high,1,725595
11/30/2025,15,12,0.8,11,1,very_high,0,411936
12/1/2025,15,12,0.8,12,0,very_high,0,480240
12/2/2025,15,12,0.8,12,0,very_high,0,461400
12/3/2025,15,11,0.73,12,0,very_high,0,543697
12/4/2025,15,12,0.8,12,0,very_high,0,503580
12/5/2025,15,12,0.8,12,0,very_high,0,511560
12/6/2025,15,12,0.8,12,1,very_high,0,452292
12/7/2025,15,13,0.87,12,1,very_high,0,456430
12/8/2025,15,12,0.8,12,0,very_high,0,404856
12/9/2025,15,12,0.8,12,0,very_high,0,499824
12/10/2025,15,11,0.73,12,0,very_high,0,442926
12/11/2025,15,11,0.73,12,0,very_high,0,474287
12/12/2025,15,12,0.8,12,0,very_high,0,443616
12/13/2025,15,13,0.87,12,1,very_high,0,547638
12/14/2025,15,13,0.87,12,1,very_high,0,408187
12/15/2025,15,11,0.73,12,0,very_high,0,477675
12/16/2025,15,11,0.73,12,0,very_high,0,372757
12/17/2025,15,12,0.8,12,0,very_high,0,565272
12/18/2025,15,11,0.73,12,0,very_high,0,404437
12/19/2025,15,13,0.87,12,0,very_high,0,595556
12/20/2025,15,13,0.87,12,1,very_high,0,542321
12/21/2025,15,11,0.73,12,1,very_high,0,449284
12/22/2025,15,12,0.8,12,0,very_high,0,466536
12/23/2025,15,11,0.73,12,0,very_high,0,377344
12/24/2025,15,13,0.87,12,0,very_high,0,542165
12/25/2025,15,11,0.73,12,0,very_high,0,374132
12/26/2025,15,13,0.87,12,0,very_high,0,506142
12/27/2025,15,12,0.8,12,1,very_high,0,520452
12/28/2025,15,13,0.87,12,1,very_high,0,582387
12/29/2025,15,12,0.8,12,0,very_high,0,525768
12/30/2025,15,13,0.87,12,0,very_high,0,394290
12/31/2025,15,14,0.93,12,0,very_high,1,625128
